Provincia;Ciudad;Latitud;Longitud
Alava;Amurrio;43.03;-3
Alava;Laguardia;42.33;-2.35
Alava;Vitoria;42.51;-2.41
Albacete;Albacete;39.00;-1.52
Albacete;Alcaraz;38.40;-2.29
Albacete;Almansa;38.52;-1.06
Albacete;Casas Ibañez;39.17;-1.29
Albacete;Chinchilla;38.55;-1.43
Albacete;Hellin;38.31;-1.42
Albacete;Munera;39.02;-2.29
Albacete;Villarrobledo;39.16;-2.36
Albacete;Yeste;38.22;-2.19
Alicante;Alcoy;38.42;-0.28
Alicante;Alicante;38.20;-0.29
Alicante;Altea;38.36;-0.03
Alicante;Benidorm;38.32;-0.08
Alicante;Callosa d'En Sarria;38.40;-0.08
Alicante;Callosa de Segura;38.01;-0.53
Alicante;Cocentaina;38.45;-0.26
Alicante;Denia;38.50;-0.07
Alicante;Elda;38.29;-0.47
Alicante;Elche;38.15;-0.42
Alicante;Jijona;38.32;-0.3
Alicante;Monovar;38.26;-0.51
Alicante;Novelda;38.23;-0.45
Alicante;Orihuela;38.05;-0.57
Alicante;Pego;38.51;-0.08
Alicante;Torrevieja;37.59;-0.4
Alicante;Villajoyosa;38.30;-0.14
Alicante;Villena;38.39;-0.52
Almeria;Adra;36.45;-3
Almeria;Almeria;36.50;-2.28
Almeria;Berja;36.51;-2.56
Almeria;Canjayar;37.01;-2.44
Almeria;Huercal Overa;37.23;-1.57
Almeria;Nijar;36.58;-2.12
Almeria;Purchena;37.21;-2.21
Almeria;Roquetas de Mar;36.46;-2.37
Almeria;Sorbas;37.06;-2.08
Almeria;Velez Rubio;37.39;-2.05
Almeria;Vera;37.15;-1.53
Andorra;Andorra la Vella;42.30;-1.28
Asturias;Aller;43.10;-5.38
Asturias;Aviles;43.33;-5.56
Asturias;Belmonte-Miranda;43.17;-6.12
Asturias;Cangas de Narcea;43.10;-6.32
Asturias;Cangas de Onis;43.21;-5.08
Asturias;Castropol;43.32;-7
Asturias;Gijon;43.32;-5.42
Asturias;Grado;43.23;-6.07
Asturias;Infiesto;43.21;-5.21
Asturias;Langreo;43.18;-5.41
Asturias;Luarca;43.32;-6.32
Asturias;Llanes;43.25;-4.45
Asturias;Mieres;43.15;-5.46
Asturias;Navia;43.33;-6.42
Asturias;Oviedo;43.22;-5.5
Asturias;Pola de Lena;43.10;-5.49
Asturias;Pola de Siero;43.24;-5.39
Asturias;Pravia;43.30;-6.07
Asturias;Ribadesella;43.28;-5.07
Asturias;Tineo;43.20;-6.25
Asturias;Villaviciosa;43.28;-5.27
Avila;Arenas de San Pedro;40.12;-5.05
Avila;Arevalo;41.04;-4.43
Avila;Avila;40.39;-4.42
Avila;El Barco de Avila;40.21;-5.31
Avila;Cebreros;40.27;-4.28
Avila;Piedrahita;40.28;-5.2
Badajoz;Alburquerque;39.13;-6.59
Badajoz;Almendralejo;38.41;-6.24
Badajoz;Azuaga;38.16;-5.41
Badajoz;Badajoz;38.53;-6.58
Badajoz;Cabeza del Buey;38.43;-5.13
Badajoz;Castuera;38.43;-5.32
Badajoz;Don Benito;38.57;-5.52
Badajoz;Fregenal de la Sierra;38.10;-6.39
Badajoz;Fuente de Cantos;38.14;-6.18
Badajoz;Herrera del Duque;39.10;-5.03
Badajoz;Jerez de los Caballeros;38.20;-6.46
Badajoz;Llerena;38.14;-6.01
Badajoz;Merida;38.55;-6.2
Badajoz;Montijo;38.54;-6.37
Badajoz;Olivenza;38.41;-7.06
Badajoz;Puebla de Alcocer;38.59;-5.15
Badajoz;Villanueva de la Serena;38.59;-5.48
Badajoz;Villanueva del Fresno;38.23;-7.1
Badajoz;Zafra;38.26;-6.25
Ibiza;Ibiza;38.54;-1.26
Ibiza;San Antonio;38.59;-1.19
Ibiza;San Juan;39.05;-1.31
Mallorca;Alcudia;39.51;-3.23
Mallorca;Andraitx;39.35;-2.25
Mallorca;Arta;39.42;-3.21
Mallorca;Felanitx;39.28;-3.1
Mallorca;Inca;39.43;-2.55
Mallorca;Lluchmajor;39.29;-2.53
Mallorca;Manacor;38.34;-3.13
Mallorca;Palma de Mallorca;39.35;-2.39
Mallorca;Soller;39.46;-2.43
Menorca;Ciudadela;40.00;-3.5
Menorca;Mahon;39.53;-4.16
Barcelona;Arenys de Mar;41.35;-2.33
Barcelona;Badalona;41.27;-2.15
Barcelona;Barcelona;41.23;-2.11
Barcelona;Berga;42.06;-1.51
Barcelona;Calella;41.37;-2.4
Barcelona;Cardona;41.56;-1.49
Barcelona;Cerdanyola del Valles;41.30;-2.09
Barcelona;Esparraguera;41.33;-1.52
Barcelona;Gava;41.18;-2
Barcelona;Gironella;42.02;-1.53
Barcelona;Granollers;41.37;-2.18
Barcelona;Hospitalet de Llobregat;41.22;-2.08
Barcelona;Igualada;41.35;-1.37
Barcelona;Malgrat;41.39;-2.45
Barcelona;Manlleu;42.00;-2.17
Barcelona;Manresa;41.43;-1.5
Barcelona;Martorell;41.28;-1.56
Barcelona;Mataro;41.32;-2.27
Barcelona;Mollet del Valles;41.33;-2.13
Barcelona;El Prat de Llobregat;41.18;-2.03
Barcelona;Sabadell;41.33;-2.07
Barcelona;Sallent;41.50;-1.54
Barcelona;Sant Boi de Llobregat;41.20;-2.03
Barcelona;Sant Celoni;41.42;-2.3
Barcelona;Sant Feliu de Llobregat;41.23;-2.03
Barcelona;Sant Sadurni d'Anoia;41.26;-1.47
Barcelona;Santa Coloma de Gramanet;41.27;-2.13
Barcelona;Sitges;41.14;-1.48
Barcelona;Terrassa;41.34;-2.01
Barcelona;Vic;41.56;-2.15
Barcelona;Vilafranca del Penedes;41.22;-1.41
Barcelona;Vilanova i la Geltru;41.13;-1.43
Burgos;Aranda de Duero;41.39;-3.42
Burgos;Belorado;42.26;-3.12
Burgos;Briviesca;42.33;-3.19
Burgos;Burgos;42.20;-3.42
Burgos;Castrojeriz;42.17;-4.09
Burgos;Lerma;42.02;-3.45
Burgos;Miranda de Ebro;42.41;-2.56
Burgos;Salas de los Infantes;42.03;-3.16
Burgos;Sedano;42.43;-3.45
Burgos;Villadiego;42.31;-4.01
Burgos;Villarcayo;42.56;-3.34
Caceres;Alcantara;39.43;-6.53
Caceres;Caceres;39.28;-6.22
Caceres;Coria;39.59;-6.33
Caceres;Garrovillas;39.43;-6.33
Caceres;Hervas;40.16;-5.52
Caceres;Hoyos;40.11;-6.43
Caceres;Jarandilla de la Vera;40.08;-5.39
Caceres;Logrosan;39.20;-5.3
Caceres;Montanchez;39.14;-6.09
Caceres;Navalmoral de la Mata;39.53;-5.33
Caceres;Plasencia;40.02;-6.06
Caceres;Trujillo;39.28;-5.53
Caceres;Valencia de Alcantara;39.25;-7.14
Caceres;Zorita;39.17;-5.42
Cadiz;Alcala de los Gazules;36.28;-5.43
Cadiz;Algeciras;36.11;-5.27
Cadiz;Arcos de la Frontera;36.45;-5.49
Cadiz;Cadiz;36.32;-6.18
Cadiz;Chiclana de la Frontera;36.25;-6.09
Cadiz;Grazalema;36.46;-5.22
Cadiz;Jerez de la Frontera;36.41;-6.09
Cadiz;Medina Sidonia;36.28;-5.56
Cadiz;Olvera;36.56;-5.16
Cadiz;Puerto de Santa Maria;36.36;-6.13
Cadiz;San Fernando;36.28;-6.11
Cadiz;Sanlucar de Barrameda;36.46;-6.21
Cadiz;San Roque;36.13;-5.23
Cadiz;Tarifa;36.01;-5.37
Cadiz;Vejer de la Frontera;36.15;-5.58
Fuerteventura;Puerto del Rosario;28.30;-13.53
Gomera, La;San Sebastian de la Gomera;28.05;-17.08
Gran Canaria;Arucas;28.07;-15.31
Gran Canaria;Guia;28.08;-15.4
Gran Canaria;Maspalomas;27.46;-15.35
Gran Canaria;Las Palmas de Gran Canaria;28.06;-15.25
Gran Canaria;San Bartolome de Tirajana;27.56;-15.35
Gran Canaria;Telde;27.58;-15.25
Hierro;Valverde;27.48;-17.54
Lanzarote;Arrecife;29.00;-13.34
Palma, La;Santa Cruz de la Palma;28.41;-17.45
Palma, La;Los Llanos;28.40;-17.56
Tenerife;Granadilla de Abona;28.07;-16.35
Tenerife;Icod de los Vinos;28.22;-16.43
Tenerife;Puerto de la Cruz;28.25;-16.33
Tenerife;Santa Cruz de Tenerife;28.28;-16.15
Castellon;Albocasser;40.21;-0.01
Castellon;Alcala de Chivert;40.19;-0.13
Castellon;Borriana;39.53;-0.05
Castellon;Castellon de la Plana;39.59;-0.02
Castellon;Lucena del Cid;40.09;-0.17
Castellon;Morella;40.37;-0.06
Castellon;Nules;39.51;-0.09
Castellon;Onda;39.58;-0.15
Castellon;Oropesa;40.06;-0.09
Castellon;San Mateo;40.28;-0.11
Castellon;Segorbe;39.51;-0.29
Castellon;Villarreal de los Infantes;39.56;-0.06
Castellon;Vinaroz;40.28;-0.29
Castellon;Viver;39.55;-0.36
Ciudad Real;Alcazar de San Juan;39.24;-3.12
Ciudad Real;Almaden;38.47;-4.5
Ciudad Real;Almagro;38.53;-3.43
Ciudad Real;Almodovar del Campo;38.42;-4.11
Ciudad Real;Ciudad Real;38.59;-3.55
Ciudad Real;Daimiel;39.05;-3.37
Ciudad Real;Malagon;39.11;-3.52
Ciudad Real;Manzanares;39.00;-3.22
Ciudad Real;Piedrabuena;39.02;-4.1
Ciudad Real;Puertollano;38.42;-4.07
Ciudad Real;Santa Cruz de Mudela;38.39;-3.28
Ciudad Real;Socuellanos;39.17;-2.47
Ciudad Real;Tomelloso;39.10;-3.02
Ciudad Real;Valdepeñas;38.46;-3.25
Ciudad Real;Villanueva de los Infantes;38.44;-3.01
Cordoba;Aguilar;37.31;-4.39
Cordoba;Baena;37.37;-4.2
Cordoba;Bujalance;37.54;-4.23
Cordoba;Cabra;37.28;-4.26
Cordoba;Castro del Rio;37.41;-4.29
Cordoba;Cordoba;37.53;-4.47
Cordoba;Fuente-Ovejuna;38.16;-5.25
Cordoba;Hinojosa del Duque;38.30;-5.09
Cordoba;Lucena;37.24;-4.29
Cordoba;Montilla;37.36;-4.38
Cordoba;Montoro;38.01;-4.22
Cordoba;Palma del Rio;37.42;-5.17
Cordoba;Peñarroya-Pueblonuevo;38.19;-5.16
Cordoba;Posadas;37.48;-5.07
Cordoba;Pozoblanco;38.23;-4.51
Cordoba;Priego de Cordoba;37.26;-4.12
Cordoba;Puente Genil;37.23;-4.46
Cordoba;La Rambla;37.37;-4.44
Cordoba;Rute;37.19;-4.23
Coruña;Arzua;42.53;-8.11
Coruña;Betanzos;43.17;-8.13
Coruña;Carballo;43.13;-8.41
Coruña;Corcubion;42.56;-9.12
Coruña;Coruña;43.22;-8.23
Coruña;El Ferrol;43.29;-8.14
Coruña;Muros;42.46;-9.05
Coruña;Negreira;42.54;-8.45
Coruña;Noya;42.48;-8.53
Coruña;Ordenes;43.05;-8.24
Coruña;Padron;42.44;-8.39
Coruña;Pontedeume;43.24;-8.1
Coruña;Puentes de Garcia Rodriguez;43.27;-7.51
Coruña;Ribeira;42.34;-8.59
Coruña;Santa Maria de Ortigueira;43.41;-7.5
Coruña;Santiago de Compostela;42.52;-8.33
Cuenca;Belmonte;39.34;-2.43
Cuenca;Cañete;40.03;-1.4
Cuenca;Cuenca;40.04;-2.08
Cuenca;Huete;40.09;-2.43
Cuenca;Motilla del Palancar;39.34;-1.54
Cuenca;San Clemente;39.23;-2.24
Cuenca;Tarancon;40.01;-3.01
Girona;Bañoles;42.07;-2.46
Girona;Besalu;42.12;-2.42
Girona;La Bisbal;41.58;-3.02
Girona;Blanes;41.40;-2.48
Girona;Camprodon;42.19;-2.22
Girona;Figueres;42.16;-2.58
Girona;Girona;41.59;-2.49
Girona;Llanga;42.21;-3.1
Girona;Olot;42.11;-2.3
Girona;Palafrugell;41.55;-3.1
Girona;Palamos;41.51;-3.08
Girona;Puigcerda;42.26;-1.56
Girona;Ripoll;42.12;-2.12
Girona;Roses;42.16;-3.11
Girona;Sant Feliu de Guixols;41.47;-3.02
Girona;Santa Coloma de Farnés;41.52;-2.4
Girona;Santa Pau;42.09;-2.35
Girona;Sarriá de Ter;42.01;-2.49
Granada;Albuñol;36.48;-3.12
Granada;Alhama de Granada;37.00;-3.59
Granada;Almuñecar;36.44;-3.41
Granada;Baza;37.30;-2.46
Granada;Granada;37.11;-3.35
Granada;Guadix;37.18;-3.09
Granada;Huescar;37.48;-2.33
Granada;Iznalloz;37.24;-3.32
Granada;Loja;37.10;-4.1
Granada;Montefrio;37.20;-4
Granada;Motril;36.44;-3.31
Granada;Orgiva;36.54;-3.26
Granada;Pinos Puente;37.15;-3.45
Granada;Santa Fé;37.11;-3.43
Granada;Ugijar;36.58;-3.03
Guadalajara;Atienza;41.12;-2.52
Guadalajara;Brihuega;40.46;-2.52
Guadalajara;Cifuentes;40.47;-2.37
Guadalajara;Cogolludo;40.57;-3.05
Guadalajara;Guadalajara;40.38;-3.1
Guadalajara;Molina de Aragón;40.51;-1.53
Guadalajara;Pastrana;40.25;-2.55
Guadalajara;Sacedón;40.29;-2.44
Guadalajara;Siguenza;41.04;-2.39
Guipuzcoa;Azpeitia;43.13;-2.14
Guipuzcoa;Beasain;43.03;-2.12
Guipuzcoa;Deva;43.18;-2.21
Guipuzcoa;Eibar;43.11;-2.28
Guipuzcoa;Hernani;43.18;-1.54
Guipuzcoa;Irún;43.20;-1.47
Guipuzcoa;Mondragón;43.05;-2.3
Guipuzcoa;Renteria;43.17;-1.58
Guipuzcoa;San Sebastián;43.19;-1.59
Guipuzcoa;Tolosa;43.08;-2.05
Guipuzcoa;Vergara;43.07;-2.25
Guipuzcoa;Zarauz;43.17;-2.1
Huelva;Aracena;37.54;-6.33
Huelva;Ayamonte;37.13;-7.24
Huelva;Huelva;37.16;-6.57
Huelva;Jabugo;37.55;-6.44
Huelva;Moguer;37.17;-6.51
Huelva;Palma del Condado;37.23;-6.35
Huelva;Puebla de Guzmán;37.37;-7.15
Huelva;Valverde del Camino;37.35;-6.45
Huesca;Ainsa;42.25;-0.09
Huesca;Ayerbe;42.17;-0.42
Huesca;Barbastro;42.02;-0.08
Huesca;Benabarre;42.07;-0.29
Huesca;Benasque;42.37;-0.31
Huesca;Biescas;42.38;-0.09
Huesca;Boltaña;42.27;-0.04
Huesca;Broto;42.36;-0.08
Huesca;Canfranc;42.42;-0.31
Huesca;Fraga;41.32;-0.21
Huesca;Graus;42.11;-0.2
Huesca;Huesca;42.08;-0.24
Huesca;Jaca;42.34;-0.33
Huesca;Monzón;41.55;-0.11
Huesca;Sabiñánigo;42.31;-0.22
Huesca;Sariñena;41.47;-0.1
Huesca;Tamarite de Litera;41.52;-0.25
Jaén;Alcalá la Real;37.28;-3.56
Jaén;Alcaudete;37.35;-4.05
Jaén;Andújar;38.02;-4.03
Jaén;Baeza;38.00;-3.28
Jaén;Bailén;38.06;-3.46
Jaén;Beas de Segura;38.15;-2.53
Jaén;La Carolina;38.17;-3.37
Jaén;Cazorla;37.55;-3
Jaén;Jaén;37.46;-3.47
Jaén;Huelma;37.39;-3.28
Jaén;Jódar;37.50;-3.21
Jaén;Linares;38.06;-3.38
Jaén;Mancha Real;37.47;-3.37
Jaén;Martos;37.44;-3.58
Jaén;Mengibar;37.58;-3.48
Jaén;Orcera;38.19;-2.39
Jaén;Porcuna;37.52;-4.11
Jaén;Quesada;37.51;-3.05
Jaén;Ubeda;38.01;-3.23
Jaén;Villacarrillo;38.07;-3.05
León;Astorga;42.27;-6.09
León;La Bañeza;42.17;-5.52
León;Cistierna;42.48;-5.08
León;León;42.36;-5.34
León;Murias de Paredes;42.52;-6.11
León;Ponferrada;42.33;-6.35
León;Riaño;42.59;-5
León;Sahagún;42.22;-5.02
León;Valencia de Don Juan;42.17;-5.31
León;La Vecilla;42.51;-5.25
León;Villablino;42.56;-6.19
León;Villafranca del Bierzo;42.37;-6.49
Logroño;Alfaro;42.10;-1.45
Logroño;Arnedo;42.14;-2.05
Logroño;Calahorra;42.18;-1.59
Logroño;Cervera del Rio Alhama;42.02;-1.58
Logroño;Haro;42.36;-2.48
Logroño;Logroño;42.28;-2.27
Logroño;Nájera;42.25;-2.45
Logroño;Santo Domingo de la Calzada;42.26;-2.57
Logroño;Torrecilla en Cameros;42.15;-2.37
Lugo;Becerrea;42.51;-7.1
Lugo;Chantada;42.36;-7.46
Lugo;Fonsagrada;43.08;-7.04
Lugo;Lugo;43.01;-7.33
Lugo;Mondoñedo;43.25;-7.23
Lugo;Monforte de Lemos;42.31;-7.3
Lugo;Quiroga;42.28;-7.15
Lugo;Ribadeo;43.32;-7.03
Lugo;Sarria;42.47;-7.25
Lugo;Villalba;43.17;-7.41
Lugo;Vivero;43.39;-7.38
Lleida;Ager;42.00;-0.45
Lleida;Agramunt;41.47;-1.06
Lleida;Artese de Segre;41.54;-1.03
Lleida;Balaguer;41.47;-0.48
Lleida;Borges Blanques;41.31;-0.52
Lleida;Cervera;41.41;-1.16
Lleida;Esterri d'Aneu;42.38;-1.08
Lleida;Lleida;41.37;-0.38
Lleida;Pobla de Segur;42.15;-0.58
Lleida;Pont de Suert;42.25;-0.45
Lleida;La Seu d'Urgell;42.22;-1.28
Lleida;Solsona;42.00;-1.31
Lleida;Sort;42.25;-1.08
Lleida;Tárrega;41.39;-1.09
Lleida;Tremp;42.10;-0.54
Lleida;Viella;42.42;-0.48
Madrid;Alcobendas;40.32;-3.38
Madrid;Alcorcón;40.20;-3.5
Madrid;Alcalá de Henares;40.28;-3.22
Madrid;Aranjuez;40.01;-3.38
Madrid;Arganda;40.19;-3.26
Madrid;Collado Villalba;40.36;-3.59
Madrid;Colmenar Viejo;40.39;-3.47
Madrid;Chinchón;40.08;-3.26
Madrid;Fuenlabrada;40.17;-3.48
Madrid;Getafe;40.18;-3.44
Madrid;Leganés;40.19;-3.46
Madrid;Madrid;40.24;-3.41
Madrid;Móstoles;40.20;-3.52
Madrid;Navalcarnero;40.17;-4.01
Madrid;Pinto;40.14;-3.43
Madrid;San Lorenzo del Escorial;40.35;-4.05
Madrid;San Martin de Valdeiglesias;40.21;-4.24
Madrid;Torrejón de Ardoz;40.27;-3.29
Madrid;Torrelaguna;40.50;-3.35
Málaga;Alora;36.49;-4.42
Málaga;Antequera;37.01;-4.33
Málaga;Archidona;37.06;-4.23
Málaga;Campillos;37.03;-4.51
Málaga;Coin;36.40;-4.46
Málaga;Colmenar;36.54;-4.2
Málaga;Estepona;36.25;-5.09
Málaga;Fuengirola;36.32;-4.38
Málaga;Gaucin;36.31;-5.19
Málaga;Marbella;36.30;-4.54
Málaga;Málaga;36.43;-4.25
Málaga;Nerja;36.44;-3.53
Málaga;Ronda;36.45;-5.1
Málaga;Torremolinos;36.38;-4.3
Málaga;Torrox;36.46;-3.57
Málaga;Vélez Málaga;36.47;-4.05
Murcia;Aguilas;37.24;-1.35
Murcia;Caravaca;38.08;-1.52
Murcia;Cartagena;37.36;-0.59
Murcia;Cieza;38.15;-1.25
Murcia;Jumilla;38.29;-1.2
Murcia;Lorca;37.41;-1.42
Murcia;Molina de Segura;38.03;-1.13
Murcia;Mula;38.03;-1.3
Murcia;Murcia;37.59;-1.07
Murcia;San Javier;37.49;-0.5
Murcia;Totana;37.46;-1.3
Murcia;Yecla;38.37;-1.07
Navarra;Alsasua;42.54;-2.1
Navarra;Aoiz;42.46;-1.22
Navarra;Estella;42.40;-2.02
Navarra;Pamplona;42.49;-1.38
Navarra;Puente de la Reina;42.40;-1.49
Navarra;Roncal;42.50;-0.55
Navarra;Roncesvalles;43.01;-1.2
Navarra;Sangüesa;42.35;-1.17
Navarra;Tafalla;42.30;-1.42
Navarra;Tudela;42.04;-1.36
Orense;Allariz;42.11;-7.5
Orense;Bande;42.03;-7.58
Orense;El Barco de Valdorras;42.25;-6.59
Orense;Carballino;42.26;-8.05
Orense;Celanova;42.09;-7.58
Orense;Guinzo de Limia;42.03;-7.44
Orense;Orense;42.20;-7.52
Orense;Puebla de Trives;42.20;-7.15
Orense;Ribadavia;42.17;-8.08
Orense;Verin;41.57;-7.27
Orense;Viana del Bollo;42.11;-7.07
Palencia;Aguilar del Campoo;42.48;-4.15
Palencia;Astudillo;42.12;-4.17
Palencia;Baltanás;41.56;-4.15
Palencia;Venta de Baños;41.56;-4.3
Palencia;Carrión de los Condes;42.20;-4.36
Palencia;Cervera del Pisuerga;42.51;-4.3
Palencia;Frechilla;42.09;-4.5
Palencia;Herrera del Pisuerga;42.35;-4.2
Palencia;Palencia;42.00;-4.32
Palencia;Saldaña;42.32;-4.44
Pontevedra;Caldas de Reyes;42.36;-8.39
Pontevedra;Cambados;42.31;-8.49
Pontevedra;La Cañiza;42.13;-8.16
Pontevedra;La Estrada;42.42;-8.29
Pontevedra;La Guardia;41.56;-8.52
Pontevedra;Lalin;42.40;-8.07
Pontevedra;Pontevedra;42.26;-8.39
Pontevedra;Porriño;42.12;-8.39
Pontevedra;Puenteáreas;42.10;-8.28
Pontevedra;Redondela;42.17;-8.37
Pontevedra;Sangenjo;42.24;-8.48
Pontevedra;Tuy;42.03;-8.39
Pontevedra;Vigo;42.15;-8.43
Pontevedra;Villagarcia de Arosa;42.36;-8.46
Salamanca;Alba de Tormes;40.50;-5.3
Salamanca;Béjar;40.23;-5.46
Salamanca;Ciudad Rodrigo;40.36;-6.32
Salamanca;Guijuelo;40.33;-5.4
Salamanca;Ledesma;41.05;-5.59
Salamanca;Lumbrales;40.56;-6.43
Salamanca;Peñaranda de Bracamonte;40.54;-5.13
Salamanca;Salamanca;40.57;-5.4
Salamanca;Sequeros;40.31;-6.02
Salamanca;Vitigudino;41.01;-6.26
Santander;Cabuérniga;43.14;-4.18
Santander;Castro Urdiales;43.23;-3.13
Santander;Laredo;43.26;-3.28
Santander;Potes;43.10;-4.37
Santander;Ramales de la Victoria;43.15;-3.28
Santader;Reinosa;43.00;-4.08
Santander;Santander;43.28;-3.48
Santander;Santoña;43.27;-3.29
Santander;San Vicente de la Barquera;43.24;-4.24
Santander;Torrelavega;43.20;-4.02
Santander;Villacarriedo;43.14;-3.48
Segovia;Cuéllar;41.23;-4.21
Segovia;Riaza;41.18;-3.3
Segovia;Santa Maria la Real de Nieva;41.04;-4.24
Segovia;Segovia;40.57;-4.07
Segovia;Sepúlveda;41.18;-3.43
Segovia;Villacastin;40.47;-4.25
Sevilla;Alcalá de Guadaira;37.20;-5.5
Sevilla;Alcalá del Rio;37.31;-5.58
Sevilla;Almadén de la Plata;37.52;-6.04
Sevilla;Carmona;37.28;-5.38
Sevilla;Cazalla de la Sierra;37.56;-5.45
Sevilla;Coria del Rio;37.18;-6.04
Sevilla;Dos Hermanas;37.17;-5.55
Sevilla;Ecija;37.32;-5.05
Sevilla;Estepa;37.17;-4.52
Sevilla;Lebrija;36.55;-6.05
Sevilla;Lora del Rio;37.39;-5.32
Sevilla;Marchena;37.20;-5.26
Sevilla;Morón de la Frontera;37.07;-5.28
Sevilla;Osuna;37.14;-5.07
Sevilla;Los Palacios y Villafranca;37.10;-5.55
Sevilla;Sanlúcar La Mayor;37.24;-6.12
Sevilla;Sevilla;37.23;-5.59
Sevilla;Utrera;37.11;-5.46
Soria;Agreda;41.49;-1.54
Soria;Almazán;41.29;-2.32
Soria;El Burgo de Osma;41.35;-3.04
Soria;Medinaceli;41.11;-2.26
Soria;Soria;41.46;-2.28
Tarragona;Amposta;40.23;-0.34
Tarragona;Ascó;41.11;-0.34
Tarragona;Falset;41.09;-0.5
Tarragona;Gandesa;41.03;-0.26
Tarragona;Montblanc;41.23;-1.1
Tarragona;Mora d'Ebre;41.06;-0.38
Tarragona;Perelló;40.52;-0.43
Tarragona;Reus;41.10;-1.06
Tarragona;Santa Bárbara;40.43;-0.3
Tarragona;Tarragona;41.07;-1.16
Tarragona;Tortosa;40.49;-0.31
Tarragona;Valls;41.17;-1.15
Tarragona;Vendrell;41.13;-1.32
Teruel;Albarracin;40.25;-1.27
Teruel;Alcañiz;41.02;-0.08
Teruel;Aliaga;40.40;-0.42
Teruel;Calamocha;40.55;-1.17
Teruel;Calanda;40.56;-0.14
Teruel;Castellote;40.48;-0.2
Teruel;Hijar;41.10;-0.27
Teruel;Montalbán;40.50;-0.48
Teruel;Monreal del Campo;40.47;-1.2
Teruel;Mora de Rubielos;40.15;-0.45
Teruel;Muniesa;41.02;-0.49
Teruel;Teruel;40.20;-1.06
Teruel;Torrijas;40.02;-0.57
Teruel;Valderrobles;40.52;-0.1
Toledo;Escalona;40.09;-4.24
Toledo;Illescas;40.08;-3.51
Toledo;Madridejos;39.28;-3.33
Toledo;Navahermosa;39.39;-4.28
Toledo;Ocaña;39.57;-3.3
Toledo;Orgaz;39.39;-3.53
Toledo;El Puente del Arzobispo;39.48;-5.1
Toledo;Quintanar de la Orden;39.35;-3.03
Toledo;Talavera de la Reina;39.58;-4.5
Toledo;Toledo;39.51;-4.01
Toledo;Torrijos;39.59;-4.17
Valencia;Albaida;38.51;-0.31
Valencia;Alberique;39.07;-0.31
Valencia;Alcira;39.09;-0.26
Valencia;Algemesi;39.12;-0.26
Valencia;Ayora;39.03;-1.03
Valencia;Benifayó;39.17;-0.25
Valencia;Burjassot;39.30;-0.25
Valencia;Carcaixent;39.08;-0.28
Valencia;Carlet;39.14;-0.31
Valencia;Catarroja;39.24;-0.24
Valencia;Cofrentes;39.13;-1.04
Valencia;Cullera;39.10;-0.15
Valencia;Chelva;39.45;-1
Valencia;Chiva;39.28;-0.43
Valencia;Enguera;38.59;-0.4
Valencia;Gandia;38.58;-0.11
Valencia;Liria;39.37;-0.36
Valencia;Manises;39.29;-0.28
Valencia;Massamagrell;39.34;-0.2
Valencia;Oliva;38.55;-0.07
Valencia;Onteniente;38.50;-0.36
Valencia;Paterna;39.30;-0.26
Valencia;Requena;39.30;-1.06
Valencia;Sagunto;39.41;-0.16
Valencia;Silla;39.22;-0.24
Valencia;Sueca;39.12;-0.2
Valencia;Torrent de l'Horta;39.26;-0.28
Valencia;Utiel;39.34;-1.12
Valencia;Valencia;39.28;-0.22
Valencia;Villar del Arzobispo;39.44;-0.5
Valencia;Xátiva;39.00;-0.31
Valladolid;Medina de Rioseco;41.53;-5.03
Valladolid;Medina del Campo;41.18;-4.55
Valladolid;Mota del Marqués;41.38;-5.11
Valladolid;Nava del Rey;41.20;-5.05
Valladolid;Olmedo;41.17;-4.41
Valladolid;Peñafiel;41.36;-4.07
Valladolid;Tordesillas;41.30;-5
Valladolid;Valoria la Buena;41.48;-4.32
Valladolid;Valladolid;41.39;-4.44
Valladolid;Villalón de Campos;42.06;-5.02
Vizcaya;Baracaldo;43.20;-2.57
Vizcaya;Bermeo;43.25;-2.44
Vizcaya;Bilbao;43.15;-2.55
Vizcaya;Durango;43.13;-2.4
Vizcaya;Guernica;43.19;-2.4
Vizcaya;Marquina;43.18;-2.3
Vizcaya;Valmaseda;43.12;-3.14
Zamora;Alcañices;41.42;-6.21
Zamora;Benavente;42.00;-5.41
Zamora;Bermillo de Sayago;41.22;-6.07
Zamora;Fuentesaúco;41.14;-5.3
Zamora;Puebla de Sanabria;42.03;-6.39
Zamora;Toro;41.31;-5.24
Zamora;Villalpando;41.52;-5.25
Zamora;Zamora;41.30;-5.45
Zaragoza;La Almunia de Doña Godina;41.29;-1.23
Zaragoza;Ariza;41.19;-2.03
Zaragoza;Ateca;41.20;-1.48
Zaragoza;Belchite;41.18;-0.45
Zaragoza;Borja;41.49;-1.32
Zaragoza;Bujaraloz;41.29;-0.1
Zaragoza;Calatayud;41.21;-1.38
Zaragoza;Cariñena;41.20;-1.13
Zaragoza;Caspe;41.14;-0.02
Zaragoza;Daroca;41.07;-1.25
Zaragoza;Egea de los Caballeros;42.07;-1.09
Zaragoza;Escatrón;41.17;-0.2
Zaragoza;Pina de Ebro;41.29;-0.32
Zaragoza;Sádaba;42.17;-1.16
Zaragoza;Sos del Rey Católico;42.29;-1.12
Zaragoza;Tarazona;41.54;-1.43
Zaragoza;Tauste;41.56;-1.15
Zaragoza;Zaragoza;41.39;-0.52
Zaragoza;Zuera;41.52;-0.47
